ForumURL,ForumContent,ActorName,UserName,Password,ReplyContent,ReplyURL,
http://www.google.com,Samrat Forum Conent 1,smart Arya,samrat,Aray,Samrat Reply Content,http://wwwgoogle,
http://www.google.com,Vedant Forum Content,Vedant Sharma,Vedant,Sharma,Vedant Repaly Content,http://www.google.com,
http://www.abc.com,Eklavya Forum content,Eklavy Varm,Eklavya,Eklavya,Eklavya replay content,htp://www.abc.com,
http://www.abc.com,Arjun Forum Content,Arjun Pandav,Arjun,Arjun,Arjun reply content,http://www.abc.com,
https://www.def.com,Bharat content test,smart Arya,Bharat,Bharat,Bharat reply content,http://www.def.com,
http://www.xyz.com,Krishna,smart Arya,Krishna,Krishna,Krishna reply content,http://www.xzy.com,
http://www.xyz.com,Baladev,Baladev Yadav,Baladev,Baladev,Baladev,http://www.xyz.com,
http://www.ram.com,Ram,Ram Suryavanshi,Ram,Ram,Ram,http://www.ram.com,
http://www.xyz.com,Forum Content,Ram Suryavanshi,User Name,Password,Reply Content,http://www.a.a,
http://www.xyz.com,Forum Content 1,smart Arya,User Name 1 ,Password 1,Reply Content 1,http://www.a.a,
http://www.validurl.com,test content,Krishn Yadav,user name,passowed test,test replay,https://www.w.w,
http://www.google.com,Twelve content 12 Twelve content 12 Twelve content 12Twelve content 12Twelve content 12Twelve content 12Twelve content 12Twelve content 12Twelve content 12Twelve content 12Twelve content 12 test added again,Arjun Pandav,Twelve,Twelve,Twelve Replay contentq Twelve Replay contentqTwelve Replay contentqTwelve Replay contentqTwelve Replay contentqTwelve Replay contentqTwelve Replay contentqTwelve Replay contentqTwelve Replay contentqTwelve Replay contentqTwelve Replay contentqTwelve Replay contentqTwelve Replay contentq
added agin,http://www.g.com,
http://www.google,Forum Content 13,a,b,c,d e,f,g,h,User Name 13,Password 13,Reply Content 13,http://www.g.com,
http://www.abc.com,Forum Content 14 test,Baladev Yadav,User Name 14,Password 14,Reply Content 14,http://www.g.com,
http://www.abc.com,Forum Content 15 test,smart Arya,User Name 15,Password 15,Reply Content 15,http://www.g.com,
http://www.google.com,16 content
test
,smart Arya,16 User name,16 password,16 reply content,http://www.google.com,
